{"cameraMode":{"drawMode":0,"name":"Shaded","section":"Shading Mode"},"sceneLighting":true,"audioPlay":false,"sceneViewState":{"showFog":true,"showMaterialUpdate":false,"showSkybox":true,"showFlares":true,"showImageEffects":true,"showParticleSystems":true},"in2DMode":false,"pivot":{"x":0.0030395928770303728,"y":2.0326943397521974,"z":0.4361346364021301},"rotation":{"x":0.24872438609600068,"y":0.015980588272213937,"z":-0.004104305058717728,"w":0.9684341549873352},"size":0.7521451115608215,"orthographic":false}