{"cameraMode":{"drawMode":0,"name":"Shaded","section":"Shading Mode"},"sceneLighting":false,"audioPlay":false,"sceneViewState":{"showFog":true,"showMaterialUpdate":false,"showSkybox":false,"showFlares":true,"showImageEffects":true,"showParticleSystems":true},"in2DMode":false,"pivot":{"x":-0.09799999743700028,"y":2.118000030517578,"z":0.37700000405311587},"rotation":{"x":0.05457533150911331,"y":-0.03883170336484909,"z":0.0021163078490644695,"w":0.9977562427520752},"size":0.04386923834681511,"orthographic":false}